WGIRRILKYGKRS,amp_pos,dbaasp_pos
LRKRLRKFRNKIKEKLKKIGQKIQGFVPKL,amp_pos,dbaasp_pos
SCDSEFSSEFCEQPEERICSCSTHVCCHLSSSKRDQCMTWNRCLSAQTGN,amp_pos,satpdb_pos
HQK,amp_pos,satpdb_pos
CCHPACGKHFSC,amp_pos,satpdb_pos
AVKPPWRCKAAFC,amp_pos,satpdb_pos
PLVEGQLGENNELRL,amp_pos,satpdb_pos
SVSGGGHHHHHHGGG,amp_pos,satpdb_pos
EVVRNPQSCRWNMGVCIPISCPGNMRQIGTCFGPRVPCCR,amp_pos,satpdb_pos
LRW,amp_pos,satpdb_pos
AFCNLRMCQLSCRSLGLLGKCIGDKCECVKH,amp_pos,satpdb_pos
RA,amp_pos,satpdb_pos
DEKPKLILPTPAPPNLPQLVGGGGGNRKDGFGVSVDAHQKVWTSDNGGHS,amp_pos,satpdb_pos
CRSKGAKCSKLMYDCCSGSCSGTVGRC,amp_pos,satpdb_pos
HAWNYIF,amp_pos,satpdb_pos
GKFSVFSKILRSIAKVFKGVGKVRKGFKTASDLDKNQ,amp_pos,satpdb_pos
IICAPEGGPCVAGIGCCAGLRCSGAKLGLAGSCQ,amp_pos,satpdb_pos
CMQSAAAHC,amp_pos,satpdb_pos
CHNLKRPTC,amp_pos,satpdb_pos
HSDGTFTSELSRLREGARLQRLLQGLV,amp_pos,satpdb_pos
GIWDTIKSMGKVFAGKILQN,amp_pos,satpdb_pos
PFP,amp_pos,satpdb_pos
PG,amp_pos,satpdb_pos
GAKTETLVIPETELEAC,amp_pos,satpdb_pos
GRRPMKLNKTP,amp_pos,satpdb_pos
ILMCFSIDS,amp_pos,satpdb_pos
MPRYRLFRRIDRVGK,amp_pos,satpdb_pos
ACGWAGIKQEF,amp_pos,satpdb_pos
GDCSCEGQICKCGYRVSPGKSGCACTCRNAK,amp_pos,satpdb_pos
ECTRSGGACNSHTQCCDHFCSTATSTCI,amp_pos,satpdb_pos
VIPFVASVAAEMMQHVYCAASKKC,amp_pos,satpdb_pos
MG,amp_pos,satpdb_pos
AGVEAIIRILQQLLF,amp_pos,satpdb_pos
ACVPVYKECWYPQKPCCEDRVCQCSFGMTN,amp_pos,satpdb_pos
GLLSGILGTGKHIVCGLSGLC,amp_pos,satpdb_pos
CRGSGAGRC,amp_pos,satpdb_pos
GSVFNCGETCVLGTCYTPGCTCNTYRVCTKD,amp_pos,satpdb_pos
PGG,amp_pos,satpdb_pos
LDTIKCLQGNNNCHIQKCPWFLLQVSTCYKGKGRCCQKRRWFARSHVYHV,amp_pos,satpdb_pos
FYDPLVFPSDEFDASISQVNEKINQSLAFIRKSDE,amp_pos,satpdb_pos
KKKKVVAPTYVFV,amp_pos,satpdb_pos
TLPSPLALLTVH,amp_pos,satpdb_pos
KWKLFKKGIGAVLKV,amp_pos,satpdb_pos
ALEP,amp_pos,satpdb_pos
GDCGGTCTWTKDCSICPSWSCWSWSC,amp_pos,satpdb_pos
CVNWKKILGKIIKVVK,amp_pos,satpdb_pos
RRLHPQHQRFPRERPWPKPLSLPLPRPGPRPWPKPL,amp_pos,satpdb_pos
MLQNSAVLLLLVISASA,amp_pos,satpdb_pos
CVKRGLKLRHVRPRVTRDV,amp_pos,satpdb_pos
KQNAANILRLKESIAATNEAVHEV,amp_pos,satpdb_pos
QLGLQDPPHMVADLSKKQGPWVEEEEAAYGWMDF,amp_pos,satpdb_pos
TCLARDELCGASFLSNFLCCDGLCLLICV,amp_pos,satpdb_pos
MDIIIIVGG,amp_pos,satpdb_pos
ERVCCGYPMSCKSRACKPSYCC,amp_pos,satpdb_pos
MEPECNLNCTD,amp_pos,satpdb_pos
FLWGLIPGAISAVTSLIKK,amp_pos,satpdb_pos
IPQEVLP,amp_pos,satpdb_pos
VRLIWAVRIWRR,amp_pos,satpdb_pos
HY,amp_pos,satpdb_pos
SDHSESIQKKFQLMKEHVNKIGVDS,amp_pos,satpdb_pos
VGSGGCMFGNGK,amp_pos,satpdb_pos
YGGFMTSEKSQTPLVTLFKNAIIKNVHKKGQ,amp_pos,satpdb_pos
ACWWAGIAQEF,amp_pos,satpdb_pos
KVVKQWPIGKVVKKVVKKVVK,amp_pos,satpdb_pos
KRDPQQREYEDCRRRCEQQEPRQQYQCQRRCREQQ,amp_pos,satpdb_pos
TTN,amp_pos,satpdb_pos
LHCHEISDLTPWILCSPEPLCGGKGCCAQEVCDCSGPVCTCPPCL,amp_pos,satpdb_pos
MPLSWFFPRTWGKR,amp_pos,satpdb_pos
FRIRVRV,amp_pos,satpdb_pos
KFPKFRRGIPFLFV,amp_pos,satpdb_pos
SDGRDDEAKDKRSDMYESDRNGRCCHPSCGRKYNCGR,amp_pos,satpdb_pos
GWKIGKKLEHHGQNIRDGLISAGPAVFAVGQAATIYAAAK,amp_pos,satpdb_pos
GPIRRPKPRPRQRPE,amp_pos,satpdb_pos
RIPTGERVWDRGNVTLLCDC,amp_pos,satpdb_pos
MEHFRW,amp_pos,satpdb_pos
CSAPFTKSC,amp_pos,satpdb_pos
AACSDRAHGHICESFKSFCKDSGRNGVKLRANCKKTCGLC,amp_pos,ampep_pos
AAFRGCWTKNYSPKPCL,amp_pos,ampep_pos
AAGMGFFGAR,amp_pos,ampep_pos
AAKPMGITCDLLSLWKVGHAACAAHCLVLGDVGGYCTKEGLCVCKE,amp_pos,ampep_pos
AALKGCWTKSIPPKPCFGKR,amp_pos,ampep_pos
AALKGCWTKSIPPKPCSGKR,amp_pos,ampep_pos
AALRGCWTKSIPPKPCPGKR,amp_pos,ampep_pos
AALRGCWTKSIPPKPCSGKR,amp_pos,ampep_pos
AANFGPSVFTPEVHETWQKFLNVVVAALGKQYH,amp_pos,ampep_pos
AAPRGGKGFFCKLFKDC,amp_pos,ampep_pos
ACAAHCLLRGNRGGYCNGKG,amp_pos,ampep_pos
ACDTATCVTHRLAGLLSRSGGVVKNNFVPTNVGSKAF,amp_pos,ampep_pos
ACHAHCQSVGRRGGYCGNFRMTCYCY,amp_pos,ampep_pos
ACIKNGGRCVASGGPPYCCSNYCLQIAGQSYGVCKKH,amp_pos,ampep_pos
ACNFQSCWATCQAQHSIYFRRAFCDRSQCKCVFVRG,amp_pos,ampep_pos
ACQCPDAISGWTHTDYQCHGLENKMYRHVYAICMNGTQVYCRTEWGSSC,amp_pos,ampep_pos
ACQFWSCNSSCISRGYRQGYCWGIQYKYCQCQ,amp_pos,ampep_pos
ACSAG,amp_pos,ampep_pos
ACYCRIGACVSGERLTGACGLNGRIYRLCCR,amp_pos,ampep_pos
ACYCRIPACFAGERRYGTCFYLGRVWAFCC,amp_pos,ampep_pos
ACYCRIPACIAGERRYGTCIYQGRLWAFCC,amp_pos,ampep_pos
ACYCRIPACLAGERRYGTCFYLGRVWAFCC,amp_pos,ampep_pos
ACYCRIPACLAGERRYGTCFYMGRVWAFCC,amp_pos,ampep_pos
ACYCRIPACLAGERRYGTCFYRRRVWAFCC,amp_pos,ampep_pos
ADDKNPLEEAFREADYEVFLEIAKNGL,amp_pos,ampep_pos
ADNKNPLEECFRETNYEEFLEIAR,amp_pos,ampep_pos
ADRGWIKTLTKDCPNVISSICAGTIITACKNCA,amp_pos,ampep_pos
ADTLACRQSHGSCSFVACRAPSVDIGTCRGGLKKCCKW,amp_pos,ampep_pos
ADTLACRQSHQSCSFVACRAPSVDIGTCRGGKLKCCKWAPSS,amp_pos,ampep_pos
AERVGAGAPVYL,amp_pos,ampep_pos
AEVAPAPAAAAPAKAPKKKAAAKPKKAGPS,amp_pos,ampep_pos
AFKLLGRIIHHVGNFVYGFSHVF,amp_pos,ampep_pos
AFTCHCRRSCYSTEYSYGTCTVMGINHRFCCL,amp_pos,ampep_pos
AGCIKNGGRCNASAGPPYCCSSYCFQIAGQSYGVCKNR,amp_pos,ampep_pos
AGFVLKGYTKTSQ,amp_pos,ampep_pos
AGIGKIGDFIKKAIAKYKN,amp_pos,ampep_pos
AGRGKQGGKVRAKAKTRSSRAGLQFPVGRVHRLLRKGNY,amp_pos,ampep_pos
AGWGSIFKHIFKAGKFIHGAIQAHND,amp_pos,ampep_pos
AGWLRKLGKKIERIGQHTRDASIQVLGIAQQAANVAATAR,amp_pos,ampep_pos
AGYLLGKINLKALAALAKKIL,amp_pos,ampep_pos
AHCLAIGRK,amp_pos,ampep_pos
AHDRNPLEEYFRETDYEEFL,amp_pos,ampep_pos
AIGSILGALAKGLPTLISWIKNR,amp_pos,ampep_pos
AIHDILKYGKPS,amp_pos,ampep_pos
AIHRALICKRMEGHCEAECLTFEAKIGGCRAELAPFCCKNRKKH,amp_pos,ampep_pos
AIHRALICKRMEGHCEAECLTFEVKIGGCRAELAPFCCKNRKKH,amp_pos,ampep_pos
AIHRALICKRMEGHCEAECLTFEVKIGGCRAELTPYCCKKRKKD,amp_pos,ampep_pos
AIHRALISKRMEGHCEAECLTFEVKTGGCRAELAPFCCKNRKKH,amp_pos,ampep_pos
AIKLVQSPNGNFAASFVLDGTKWIFKSKYYDSSKGYWVGIYEVWDRK,amp_pos,ampep_pos
AILTTLANWARKFL,amp_pos,ampep_pos
AIMDTIKDTAKTVAVGLLNKLKCKITGC,amp_pos,ampep_pos
AIPCGESCVWIPCISTVIGCSCSNKVCYR,amp_pos,ampep_pos
AISCGQVSSAIGPCLSYARGQGSAPSAGCC,amp_pos,ampep_pos
AISYGNGVYCNKEKCWVNKAENKQAITGIVIGGWASSLAGMGH,amp_pos,ampep_pos
AKAWGIPPHVIPQIVPVRIRPLCGNV,amp_pos,ampep_pos
AKCIKNGKGCREDQGPPFCCSGFCYRQVGWARGYCKNR,amp_pos,ampep_pos
AKEFGIPAAVAGTVLNVVEAGGWVTTIVSI,amp_pos,ampep_pos
AKIPIKAIKTVGKAVGKGLRAINIASTANDVFNFLKPKKRKA,amp_pos,ampep_pos
AKIPIKAIKTVGKAVGKGLRAINIASTANDVFNFLKPKKRKH,amp_pos,ampep_pos
AKKVFKRLEKLFSKIQNDK,amp_pos,ampep_pos
AKRGGFWRKVGRKLGKGIRKIGKTIKSQLGKFRPRLQYRYQF,amp_pos,ampep_pos
ALFSILRGLKKLGKMGQAFVNCEIYKKC,amp_pos,ampep_pos
ALFSILRGLKKLGNMGQAFVNCKIYKKC,amp_pos,ampep_pos
ALGGLLADVVKSKEQPA,amp_pos,ampep_pos
ALKAALLAILKIVRVIKK,amp_pos,ampep_pos
ALKAVPAVMGMIKKE,amp_pos,ampep_pos
ALLDKLKSLGKVVGKVAIGVAQHYLNPQ,amp_pos,ampep_pos
ALLDKLKSLGKVVGKVAIGVAQHYLNPQQ,amp_pos,ampep_pos
ALLDKLKSLGKVVGKVALGVAQHYLNPQQ,amp_pos,ampep_pos
ALLDKLKSLGKVVGKVALGVVQNYLNPRQ,amp_pos,ampep_pos
ALLGDFFRKSKEKIGKEFKRIVQRIKDFLRNLVPRTES,amp_pos,ampep_pos
ALLHHGLNCAKGVLA,amp_pos,ampep_pos
ALLLAIRKR,amp_pos,ampep_pos
ALPKKLKYLNLFNDGFNYMGVV,amp_pos,ampep_pos
ALRLAIRKR,amp_pos,ampep_pos
ALSILKGLEKLAKMGIALTNCKATKKC,amp_pos,ampep_pos
ALSILRGLEKLAKMGIALTNCKATKKC,amp_pos,ampep_pos
ALWFTMLKKLGTMALHAGKAALGAAANTISQGTQ,amp_pos,ampep_pos
ALWKDILKNAGKAALNEINQIVQ,amp_pos,ampep_pos
ALWKDILKNAGKAALNEINQLVNQ,amp_pos,ampep_pos
ALWKDILKNVGKAAGKAVLNTVTDMVNQ,amp_pos,ampep_pos
ALWKDVLKKIGTVALHAGKAALGAVADTISQ,amp_pos,ampep_pos
ALWKNMLKGIGKLAGKAALGAVKKLVGAES,amp_pos,ampep_pos
ALWKNMLKGIGKLAGQAALGAVKTLVGA,amp_pos,ampep_pos
ALWKNMLKGIGKLAGQAALGAVKTLVGAE,amp_pos,ampep_pos
ALWKNMLKGIGKLAGQAALGAVKTLVGAES,amp_pos,ampep_pos
ALWKTIIKGAGKMIGSLAKNLLGSQAQPES,amp_pos,ampep_pos
ALWKTLLKKVGKVAGKAVLNAVTNMANQNEQ,amp_pos,ampep_pos
ALWKTLLKNVGKAAGKAALNAVTDMVNQ,amp_pos,ampep_pos
ALWKTMLKKLGTMALHAGKAAFGAAADTISQ,amp_pos,ampep_pos
ALWKTMLKKLGTMALHAGKAALGAAADTISQGTQ,amp_pos,ampep_pos
ALWLAIRKR,amp_pos,ampep_pos
ALWMTLLKKVLKAAAKALNAVLVGANA,amp_pos,ampep_pos
